孔洞编号,体积 (mm³),表面积 (mm²),等效直径 (mm),球度,矩度,主轴比,长边 (mm),中心距 (mm)
0,12106.552052,12807.021515,28.488786,0.199090,0.320482,2.026407,26.485069,0.000000
